Unnamed,Company,City,Starting Year,Founders,Industries,Description,No. of Employees,Funding Amount in $,Funding Round,No. of Investors
0,Urban Company,Gurgaon,2014,"Abhiraj Singh Bhal, Raghav Chandra, Varun Khaitan","Apps, Home Services, Marketplace, Service Industry",Urban is a marketplace for independent contractors.,1001-5000,445920356,12,16
1,Classplus,Noida,2018,"Bhaswat Agarwal, Bikash Dash, Mukul Rustagi, Nikhil Goel, Vatsal Rustagi","B2B, E-Learning, EdTech, Education, Mobile Apps, SaaS, Software",Classplus is a mobile-first SaaS platform that allows 3000+ tutors to totally automate their curriculum and operations.,101-250,89506451,10,20
2,Paytm,Noida,2010,"Akshay Khanna, Vijay Shekhar Sharma","E-Commerce, Finance, Financial Services, Internet, Mobile Apps, Mobile Payments",Paytm is a payment gateway that allows users and businesses to make payments.,501-1000,32448851,4,4
3,Apna,Mumbai,2019,Nirmit Parikh,"Employment, Human Resources, Recruiting, Staffing Agency",Apna is a professional networking and job-search platform that connects blue- and gray-collar professionals with like-minded people and places to work.,101-250,93450000,4,6
4,Razorpay,Bengaluru,2014,"Harshil Mathur, Shashank Kumar","Financial Services, FinTech, Payments, Software","Razorpay is a payment acceptance, processing, and disbursement platform for businesses.",1001-5000,366600000,7,29
5,UpGrad,Mumbai,2015,"Mayank Kumar, Phalgun Kompalli, Ravijot Chugh, Ronnie Screwvala","E-Learning, EdTech, Education","UpGrad is a higher education portal that offers courses in Data Science, Technology, Management, and Law online.",1001-5000,176283446,4,4
6,Delhivery,Gurgaon,2011,"Bhavesh Manglani, Kapil Bharati, Mohit Tandon, Sahil Barua, Suraj Saharan","E-Commerce, Freight Service, Last Mile Transportation, Logistics, Shipping, Supply Chain Management, Transportation, Warehousing","Delhivery is a supply chain management firm that specializes in transportation, warehousing, freight, and order fulfillment.",5001-10000,1236569361,11,13
7,1mg,Gurgaon,2015,"Anurag Mundhada, Gaurav Agarwal, Prashant Tandon, Sameer Maheshwari, Vikas Chauhan","Delivery, E-Commerce, Health Care, Internet, Medical, Pharmaceutical",1mg is a generic drug engine and online pharmacy network platform.,Nov-50,204600209,16,17
8,BigBasket,Bengaluru,2011,"Abhinay Choudhari, Hari Menon, Vipul Parekh, VS Ramesh, VS Sudhakar","Delivery, Delivery Service, E-Commerce, Grocery, Internet, Retail, Shopping",BigBasket is an online grocery and meal delivery service that brings personal and household items to customers' doorsteps.,5001-10000,1119863468,17,17
9,GoMechanic,Gurgaon,2016,"Amit Bhasin, Kushal Karwa, Nitin Rana, Puneet Gulati, Rishabh Karwa","Automotive, Customer Service, E-Commerce, Sales",GoMechanic is an online vehicle repair platform that allows consumers to arrange car maintenance at a convenient time.,251-500,59849371,8,9
10,Unacademy,Bengaluru,2015,"Gaurav Munjal, Hemesh Singh, Roman Saini, Sachin Gupta","E-Learning, EdTech, Education, Training",Unacademy is a web-based learning portal that offers educational materials such as video lectures and exams.,251-500,398500000,11,36
11,Ola,Kormangala,2010,"Ankit Bhati, Bhavish Aggarwal","Apps, Internet, Mobile, Ride Sharing, Transportation",Ola is an Indian mobility platform and ride-hailing firm.,5001-10000,3808672049,25,45
12,Licious,Bengaluru,2015,"Abhay Hanjura, Vivek Gupta","Delivery Service, E-Commerce, Food and Beverage, Food Delivery",Licious is an online meat and seafood ordering firm with a complete business model.,1001-5000,158589644,7,20
13,CRED,Bengaluru,2018,Kunal Shah,"Credit Cards, Financial Services, FinTech, Payments, Personal Finance",CRED is a members-only credit card management and bill-paying website that pays customers for paying their bills on time.,251-500,471205550,6,28
14,CityMall,Gurgaon,2019,"Angad Kikla, Divij Goyal, Naisheel Verdhan","Consumer Goods, E-Commerce, Lifestyle",CityMall is a peer-to-peer e-commerce company that offers lifestyle and curated products through WhatsApp referrals.,101-250,37100000,5,14
15,Pine Labs,Noida,1998,"Rajul Garg, Tarun Upaday","Financial Services, FinTech, Information Technology, Payments",Pine Labs is a merchant commerce platform that offers merchants funding and technology for last-mile retail transactions.,1001-5000,423238799,8,15
16,Dodla Dairy,Hyderabad,1995,D. Sunil Reddy,"Consumer Goods, Food and Beverage, Food Processing, Manufacturing",Dodla Dairy processes and distributes milk and dairy products with added value.,501-1000,71276176,3,13
17,Groww,Bengaluru,2017,"Harsh Jain, Ishan Bansal, Lalit Keshre, Neeraj Singh","Financial Services, FinTech, Funding Platform, Impact Investing",Groww is a new investment platform that combines stockbroking and direct mutual funds to provide a new way to invest money.,251-500,142262674,6,16
18,Grofers,Gurgaon,2013,"Albinder Dhindsa, Saurabh Kumar","Delivery, E-Commerce, E-Commerce Platforms, Grocery, Retail",Grofers is a low-cost online supermarket that also delivers groceries.,1001-5000,662398135,13,13
19,Jumbotail,Bengaluru,2015,"Ashish Jhina, Karthik Venkateswaran","E-Commerce, Food and Beverage, Grocery, Marketplace, Retail",Jumbotail is an online marketplace that makes groceries and food purchasing easier.,101-250,55345400,8,20
20,slice,Bengaluru,2016,"Deepak Malhotra, Rajan Bajaj","Banking, Financial Services, FinTech, Lending, Payments","Slice is the finest credit card challenger in India for paying bills, managing finances, and earning quick rewards.",251-500,53665909,8,20
21,InMobi,Bengaluru,2007,"Abhay Singhal, Amit Gupta, Mohit Saxena, Naveen Tewari, Piyush Shah","Advertising, Advertising Platforms, Digital Media, Marketing, Mobile",InMobi creates an ad serving algorithm that aids in the optimization of the ranking of advertising displayed on mobile phones.,501-1000,320600000,7,6
22,Dunzo,Bengaluru,2015,"Ankur Aggarwal, Dalvir Suri, Kabeer Biswas, Mukund Jha","Delivery, Delivery Service, E-Commerce, Mobile, Mobile Apps",Dunzo is a hyper-local delivery app that matches consumers with the closest delivery partner.,1001-5000,128399438,15,24
23,BYJU’S,Bengaluru,2011,"Byju Raveendran, Divya Gokulnath","E-Learning, EdTech, Education, Higher Education, Software",BYJU'S is an educational technology firm that creates tailored learning programs for kids in grades K through 12.,10001+,2745964432,18,38
24,Cashfree,Bengaluru,2015,"Akash Sinha, Reeju Datta","Finance, Financial Services, FinTech, Mobile Payments, Payments",Cashfree is a payments and banking technology startup based in India that helps businesses collect payments and make payouts online.,251-500,40920000,4,6
25,MediBuddy,Bengaluru,2000,Satish Kannan,"Health Care, Health Insurance, Medical, mHealth","MediBuddy is a digital healthcare platform that offers inpatient and outpatient hospitalization, as well as corporate wellness benefits.",1001-5000,67132379,5,12
26,Progcap,New Delhi,2017,Pallavi Shrivastava,"Enterprise, Finance, Financial Services, FinTech, Supply Chain Management",Progcap is a financial services firm that assists micro and small businesses with financing.,Nov-50,32324325,4,9
27,Capital Float,Bengaluru,2013,"Gaurav Hinduja, Sashank Rishyasringa","B2B, Financial Services, FinTech, Small and Medium Businesses",Cash Float is an online platform that helps small businesses get operating capital.,51-100,150417120,11,12
28,CARS24,Gurgaon,2015,"Gajendra Jangid, Mehul Agrawal, Ruchit Agarwal, Vikram Chopra","Artificial Intelligence, Automotive, B2C, E-Commerce, Marketplace, Sales Automation, Software, Transaction Processing",CARS24 is a technologically advanced platform for buying and selling used vehicles.,1001-5000,393848044,5,21
29,Bharat Biotech,Hyderabad,1996,"Krishna Ella, Suchitra Ella",Biotechnology,India's second-largest vaccine manufacturer,501-1000,14100000,3,3
30,Skillmatics,Mumbai,2016,"Devanshi Kejriwal, Dhvanil Sheth","Children, Education",Skillmatics creates educational games for children in pre-school and primary school.,Nov-50,7419353,2,2
31,Rapido,Bengaluru,2015,"Aravind Sanka, Pavan Guntupalli, Rishikesh SR","Information Services, Mobile Apps, Public Transportation, Taxi Service, Transportation",Rapido is an online bike taxi aggregator and logistics service that enables people to share their bicycles with others.,1001-5000,121996807,9,32
32,Reliance Jio,Mumbai,2010,Mukesh Ambani,"Apps, Information Services, Internet, Telecommunications",Reliance Jio is a telecommunications firm that provides high-speed mobile internet connection in India.,10001+,24767620475,16,35
33,YourStory,Bengaluru,2008,Shradha Sharma,"Information Technology, Internet, News, Public Relations, Publishing",YourStory.com is a media website that focuses on India's startup scene.,101-250,8469522,3,6
34,Kodo,Mumbai,2019,"Deepti Sanghi, Gaurav Thapa","B2B, Financial Services, FinTech, Small and Medium Businesses",Kodo is a fintech startup that focuses on small businesses' corporate card and B2B payments needs.,Nov-50,8736466,2,5
35,Practo,Bengaluru,2008,"Abhinav Lal, Shashank ND","Health Care, Health Diagnostics, Medical, mHealth, Mobile Apps, Pharmaceutical, Wellness","Practo is a mhealth platform that allows patients to make appointments, check-ups, and consultations with healthcare practitioners.",5001-10000,228246376,7,14
36,NiYO Solutions,Bengaluru,2015,Virender Bisht,"Finance, Financial Services, FinTech",NiYO is a fintech startup that makes it easier for salaried employees to get access to business benefits and other financial services.,Nov-50,49200000,3,5
37,Reliance Retail,Mumbai,2006,Mukesh Ambani,"Consumer Goods, Grocery, Retail","Reliance Retail operates a chain of local stores, supermarkets, and wholesale/specialty stores, as well as an online store.",10001+,6419310306,6,8
38,Locus.sh,Bengaluru,2015,"Geet Garg, Nishith Rastogi","Big Data, Data Visualization, Logistics, Software",Locus is a logistics-focused intelligent decision-making and automation platform.,251-500,78750000,6,25
39,KreditBee,Bengaluru,2018,"Karthikeyan Krishnaswamy, Madhusudan Ekambaram, Wan Hong","Financial Services, FinTech, Internet, Lending",KreditBee is a digital loan platform that was created to help young professionals manage their finances.,1001-5000,133404000,3,7
40,boAt,New Delhi,2016,"Aman Gupta, Sameer Mehta","Consumer Electronics, Fashion, Lifestyle, Wearables","boAt is a domestic audio-tech earwear firm that specializes on well-designed, aspirational items at affordable prices.",101-250,116258656,6,5
41,Flipkart,Bengaluru,2007,"Binny Bansal, Sachin Bansal","E-Commerce, Internet, Retail, Shopping",Flipkart is an e-commerce platform with over 30 million products in more than 70 categories.,10001+,9009184737,24,24
42,MobiKwik,Gurgaon,2009,"Bipin Singh, Chandan Joshi, Upasana Taku","Consumer Lending, Financial Services, FinTech, Lending, Mobile Payments, Payments, Wealth Management","MobiKwik is India's leading fintech platform, with consumer payments, payment gateways, and financial services as its core operations.",251-500,165518505,15,26
43,Cuemath,Bengaluru,2013,Manan Khurma,"E-Learning, EdTech, Education, STEM Education",Cuemath is an international online learning platform that provides K–10 pupils with math and coding curriculum.,1001-5000,64495265,5,8
44,Jai Kisan,Mumbai,2017,"Adriel Maniego, Arjun Ahluwalia","Agriculture, AgTech, Financial Services, FinTech",Jai Kisan is a finance platform that serves rural emerging markets with long-term funding.,Nov-50,35400000,5,18
45,Infra.Market,Thane,2016,"Aaditya Sharda, Souvik Sengupta","Construction, E-Commerce, Marketplace, Procurement",Infra.Market is an online marketplace for all types of materials and products used in construction projects.,51-100,161545747,7,8
46,Xpressbees,Pune,2015,"Amitava Saha, Supam Maheshwari","Delivery Service, E-Commerce, Internet, Logistics, Supply Chain Management",Xpressbees is an e-commerce logistics company that provides its partners with dependable logistical solutions.,10001+,277583000,8,11
47,Northern Arc,Chennai,2008,Kshama Fernandes,"Enterprise, Finance, Financial Services",Northern Arc Capital is a non-banking finance company that connects debt investors with borrowers.,51-100,383626249,11,12
48,Toppr,Mumbai,2013,"Hemanth Goteti, Zishaan Hayath","E-Learning, EdTech, Education",Toppr is an after-school learning software that offers assistance for admission exams and learning courses.,1001-5000,112087670,11,14
49,MyGlamm,Mumbai,2015,"Darpan Sanghvi, Priyanka Gill","Beauty, Marketplace, Mobile Apps","MyGlamm is a direct-to-consumer beauty firm that connects stylists, beauticians, nail technicians, and spa aestheticians with customers.",101-250,56035717,8,14
50,ZoomCar,Bengaluru,2012,"David Back, Greg Moran","Automotive, E-Commerce, Rental, Reservations, Transportation","ZoomCar is a self-drive car rental firm that lets customers rent cars by the hour, day, or week.",501-1000,274145634,20,36
51,Snapdeal,Gurgaon,2010,"Kunal Bahl, Rohit Bansal","Consumer Electronics, E-Commerce, Internet, Marketplace, Retail, Shopping","Snapdeal is India's largest no-frills, value-focused marketplace, with products from 500,000+ sellers across 600+ categories.",1001-5000,1776260825,13,26
52,WhiteHat Education Technology,Andheri,2018,Karan Bajaj,Education,Whitehar Jr. is one of the most popular and effective computer programming learning websites for children.,101-250,11294388,2,3
53,CarDekho,Gurgaon,2007,"Amit Jain, Anurag Jain","Automotive, E-Commerce, Information Services, Information Technology, Software",CarDekho is working to digitize India's automotive ecosystem.,501-1000,247500000,7,14
54,Koo App,Bengaluru,2020,"Aprameya Radhakrishna, Mayank Bidawatka","Apps, Internet, Social Media, Software",Koo App is a social networking platform headquartered in India that allows users to post audio and video.,Nov-50,33997488,3,10
55,Porter,Bengaluru,2014,"Pranav Goel, Uttam Digga, Vikas Choudhary","E-Commerce, Internet, Logistics, Supply Chain Management",Porter assists companies in improving their last-mile delivery operations.,1001-5000,32070087,6,6
56,Skyroot Aerospace,Hyderabad,2018,"Naga Bharath Daka, Pawan Kumar Chandana","Aerospace, Transportation","Skyroot Aerospace is India's first space launch vehicle company, producing rockets for low-cost access to space.",Nov-50,14938971,3,9
57,Holisol logistics,New Delhi,2009,"Manish Ahuja, Naveen Rawat, Rahul Dogar","Business Development, Logistics, Supply Chain Management",HoliSol Logistics is a B2C and B2B supply chain solutions company that specializes in multi-channel fulfillment.,51-100,27307486,5,4
58,Exotel,Bengaluru,2011,Shivakumar Ganesan,"Cloud Data Services, Messaging, Mobile Apps","For small and medium businesses in India, Exotel offers cloud telephony services such as virtual phone lines and telephony applications.",101-250,12294124,4,8
59,CarTrade,Mumbai,2009,Vinay Sanghi,"Auctions, Automotive, E-Commerce, Marketplace",CarTrade.com is India's premier online automotive marketplace for new and used vehicle buyers and sellers.,1001-5000,307351129,8,9
60,OPEN,Bengaluru,2017,"Ajeesh Achuthan, Anish Achuthan, Deena Jacon, Mabel Chacko","Banking, Billing, Finance, Financial Services, FinTech, Payments",Open creates and sells an online banking and intercompany settlement platform.,251-500,37400000,5,13
61,InCred,Mumbai,2016,Bhupinder Singh,"Banking, Consumer Lending, Finance, Financial Services, FinTech, Lending",InCred is a financial services platform that makes lending simple and rapid by combining technology and data science.,1001-5000,254425980,8,17
62,Pepperfry,Mumbai,2011,"Ambareesh Murty, Ashish Shah","E-Commerce, Furniture, Marketplace, Retail",Pepperfry is an online furniture marketplace that sells anything from furniture to home decor.,501-1000,245341627,9,8
63,Shadowfax,Bengaluru,2015,"Abhishek Bansal, Vaibhav Khandelwal","Delivery Service, E-Commerce, Internet, Logistics, Supply Chain Management",Shadowfax is a tech-enabled on-demand logistics network that offers one-stop delivery solutions.,501-1000,119680000,6,13
64,The Man Company,Gurgaon,2015,"Bhisham Bhateja, Hitesh Dhingra, Parvesh Kumar","Beauty, Consumer Goods",Grooming products for men. Come celebrate your manhood.,101-250,14128602,6,5
65,Agnikul,Chennai,2017,"Moin SPM, Satyanarayanan Chakravarthy, Srinath Ravichandran","Aerospace, Manufacturing, Nanotechnology","Agnikul is a space technology company that designs, builds, tests, and launches orbital class rockets for micro and nano satellites.",51-100,14543144,4,17
66,Shop101,Mumbai,2015,"Abhinav Jain, Aditya Gupta, Kalpak Chhajed","Apps, Consumer Goods, E-Commerce, Internet, Online Portals","By being the most trusted reselling partner for millions of Indians, you'll be leading the next wave of e-commerce.",101-250,19879176,3,6
67,Plum,Bengaluru,2019,"Abhishek Poddar, Saurabh Arora","Employee Benefits, Health Care, Health Insurance, Human Resources, Insurance",Health insurance and perks of high quality,Nov-50,20645163,5,23
68,Pee Safe,Gurgaon,2013,"Dheeraj Jain, Srijana Bagaria, Vikas Bagaria","Consumer Goods, Fast-Moving Consumer Goods, Fitness, Health Care, Wellness","Redcliffe Hygiene Private Limited, founded in 2013, is India's fastest growing hygiene company.",101-250,9653620,6,16
69,cure.fit,Bengaluru,2016,"Ankit Nagori, Mukesh Bansal","Apps, Fitness, Health Care, Wellness","cure.fit is a digital and offline health and fitness company that focuses on fitness, nutrition, and mental well-being.",101-250,479575960,10,33
70,Nykaa,Mumbai,2012,Falguni Nayar,"Beauty, E-Commerce, Fashion, Lifestyle, Online Portals, Wellness",Nykaa is an online store that sells a variety of beauty and health items.,1001-5000,341858615,13,15
71,NoBroker,Bengaluru,2014,"Akhil Gupta, Amit Agarwal","Commercial Real Estate, Mobile Apps, Property Management, Real Estate, Software",NoBroker is a peer-to-peer property listing platform that aims to streamline real estate transactions.,51-100,214452563,10,13
72,PharmEasy,Mumbai,2015,"Dharmil Sheth, Dhaval Shah, Mikhil Innani","Health Care, Health Diagnostics, Pharmaceutical, Wellness","PharmEasy is a health-tech firm that provides teleconsultation, medicine delivery, and diagnostic test sample collecting, among other services.",501-1000,671538857,9,26
73,OfBusiness,Gurgaon,2015,"Asish Mohapatra, Bhuvan Gupta, Chandranshu Sinha, Nitin Jain, Ruchi Kalra, Srinath Ramakkrushnan, Vasant Sridhar","Financial Services, FinTech, Lending",OfBusiness is a financial platform that provides SMEs with smart funding.,501-1000,193125171,7,13
74,LEAD School,Mumbai,2012,"Smita Deorah, Sumeet Mehta","E-Learning, EdTech, Education, Secondary Education",LEAD School is a technology-based school transformation system that provides kids with a high-quality education.,501-1000,65966878,4,3
75,Upstox,Mumbai,2010,"Raghu Kumar, Shrinivas Viswanath","Financial Services, FinTech, Trading Platform",Upstox is a fintech startup that provides customers with new investing possibilities.,101-250,29000000,2,3
76,Teachmint,Bengaluru,2020,"Anshuman Kumar, Divyansh Bordia, Mihir Gupta, Payoj Jain","E-Learning, EdTech, Education",Teachmint is an online learning platform that focuses on the connection between tutors and students.,51-100,20000000,3,5
77,ZestMoney,Bengaluru,2015,"Ashish Anantharaman, Lizzie Chapman, Priya Sharma","Big Data, Consumer Lending, Financial Services, FinTech",ZestMoney is a consumer loan fintech startup based in India.,101-250,68373925,9,15
78,Convosight,Delhi,2019,"Kartik Bansal, Tamanna Dhamija, Tarun Dhamija","SaaS, Social Media, Social Media Management",Convosight is a community management tool that helps community builders grow and monetise their Facebook groups.,51-100,13000000,2,5
79,Livspace,Bengaluru,2014,"Anuj Srivastava, Ramakant Sharma, Shagufta Anurag","E-Commerce, Furniture, Interior Design","Livspace is an interior design startup that links individuals with designers, services, and products through a platform.",1001-5000,101691508,8,17
80,Rebel Foods,Pune,2011,"Jaydeep Barman, Kallol Banerjee","E-Commerce, Food Delivery, Food Processing",Rebel Foods Services is a food delivery platform that delivers food right to your door.,5001-10000,342349901,20,19
81,Spinny,Gurgaon,2015,"Mohit Gupta, Niraj Singh, Ramanshu Mahaur","E-Commerce, E-Commerce Platforms, Internet, Retail",Spinny is a used automobile buying platform that makes transactions safe and simple.,251-500,126900000,5,13
82,Synapsica,New Delhi,2018,"Cherian Dr, Gandharv Goyal, Kuldeep Singh Chauhan, Meenakshi Singh","Artificial Intelligence, Health Care, Health Diagnostics, Information Technology, Machine Learning, Medical, Natural Language Processing, Predictive Analytics, Software",Synapsica is a healthtech and teleradiology company that automates diagnostic radiology workflow and reporting using artificial intelligence.,Nov-50,4200835,4,5
83,DeHaat,Patna City,2012,"Amrendra Singh, Shashank Kumar","Agriculture, AgTech, E-Commerce, Farming, Internet, Marketplace",DeHaat is a website that sells farm products and services.,251-500,49286284,5,8
84,Masai School,Bengaluru,2019,Prateek Shukla,"E-Learning, Education, Training",Masai School is a software training company that focuses on helping people get jobs.,01-Oct,7483079,3,4
85,Wysa,Bengaluru,2015,"Jo Aggarwal, Ramakant Vempati","Artificial Intelligence, Fitness, Health Care, Medical Device, mHealth",Wysa is an artificial intelligence (AI) conversational agent that has been proved to promote mental wellness.,Nov-50,9357626,4,9
86,Magicpin,Gurgaon,2015,"Anshoo Sharma, Brij Bhushan","E-Commerce, E-Commerce Platforms, Internet, Retail","Magicpin is a platform that allows users and merchants in a certain area to find, communicate with, and transact with one another.",501-1000,41884162,7,12
87,Ather Energy,Bengaluru,2013,"Arun Vinayak, Swapnil Jain, Tarun Mehta","Automotive, Electric Vehicle, Manufacturing",Ather Energy is an electric scooter company.,501-1000,102210000,5,5
88,Trell,Bengaluru,2016,"Arun Lodhi, Bimal Kartheek Rebba, Prashant Sachan, Pulkit Agrawal","Lifestyle, Social Network, Social Shopping, Video",Trell is a lifestyle social commerce website that allows users to submit 3-minute videos demonstrating their passions.,101-250,16950000,7,31
89,Convin,Bengaluru,2019,"Ashish Santhalia, Atul Shree, Bharat Patidar, Durgesh Choudhary","Analytics, Artificial Intelligence, Sales, Software",Convin is a conversation intelligence technology that aids remote sales teams in better understanding talks.,Nov-50,300000,1,7
90,Yellow Messenger,Bengaluru,2016,"Anik Das, Jaya Kishore Reddy Gollareddy, Raghu Kumar, Rashid Khan","Artificial Intelligence, Customer Service, Enterprise Software, Messaging, Software",Yellow Messenger is a software platform that may be used as a consumer engagement channel for businesses using artificial intelligence.,251-500,24000000,3,3
91,Mamaearth,Gurgaon,2016,Varun Alagh,"E-Commerce, Health Care, Retail, Wellness",Mamaearth is an online retailer that specializes in products for babies and toddlers.,Nov-50,23313960,5,8
92,Milkbasket,Haryana,2014,"Anant Goel, Anurag Jain, Ashish Goel, Yatish Talavdia","Delivery Service, E-Commerce, Food and Beverage, Internet",Milkbasket is a daily micro-delivery service that caters to consumers' shopping and housekeeping needs.,Nov-50,38519469,11,18
93,Bimaplan,Bengaluru,2020,Not Available,"Financial Services, Insurance",Insurance for the next billion Indians at an affordable price,01-Oct,3000000,2,27
94,Urban Ladder,Bengaluru,2012,"Ashish Goel, Rajiv Srivatsa","E-Commerce, E-Commerce Platforms, Furniture, Home Decor, Internet",Urban Ladder is an online furniture firm situated in Bangalore.,501-1000,114896667,9,10
95,PagarBook,Bengaluru,2019,"Adarsh Kumar, Arya Gautam, Rupesh Mishra","Apps, Enterprise Software, Human Resources, Mobile Apps, SaaS, Software","PagarBook is a small- and medium-business salary, job, and attendance management tool.",101-250,17000000,2,4
96,Paytm Payments Bank,New Delhi,2017,Vijay Shekhar Sharma,"Banking, FinTech, Mobile Payments",Paytm Payments Bank is a mobile-first bank that offers accounts with no minimum balance and no digital transaction fees.,1001-5000,28188461,2,2
97,OkCredit,Faridabad,2017,"Aditya Prasad, Gaurav Kumar, Harsh Pokharna","Finance, Financial Exchanges, Financial Services, FinTech, Personal Finance",OkCredit makes credit account management easier for both store owners and customers.,101-250,84200000,3,6
98,Purplle,Mumbai,2011,"Manish Taneja, Rahul Dash","Beauty, Cosmetics, E-Commerce, Mobile Apps, Retail, Shopping","Purplle is an online retailer of cosmetics, fragrances, skin care, and hair care items.",101-250,93649358,10,15
99,MyMoneyMantra,New Delhi,1989,Raj Khosla,"Consumer Lending, Finance, Financial Services, FinTech, Insurance, Lending, Marketplace, Personal Finance",MyMoneyMantra is India's largest consumer and commercial finance phy-gital (physical-digital) marketplace.,1001-5000,15000000,1,2
100,Blackbuck,Bengaluru,2015,"Chanakya Hridaya, Rajesh Yabaji, Ramasubramaniam B","Information Services, Internet, Logistics, Supply Chain Management, Transportation",Blackbuck is a logistics company based in India that makes trucking easier for both shippers and drivers.,1001-5000,296995198,8,13
101,Wakefit,Bengaluru,2016,"Ankit Garg, Chaitanya Ramalingegowda","E-Commerce, Furniture, Manufacturing, Retail","Wakefit is a home solutions firm that tries to offer unique, modern, and affordable goods.",251-500,30000000,2,3
102,Freshtohome,Bengaluru,2015,Shan Kadavil,"E-Commerce, E-Commerce Platforms, Food and Beverage, Food Delivery, Online Portals","Freshtohome is an online marketplace selling chemical-free, fresh chicken, beef, and seafood.",51-100,152000000,9,23
103,Housing.com,Gurgaon,2012,"Abhimanyu Dhamija, Abhishek Anand, Advitiya Sharma, Amrit Raj, Neeraj Bhunwal, Rahul Yadav, Ravish Naresh, Rishabh Agrawal, Sanat Ghosh, Saurabh Goyal, Snehil Buxy, Vaibhav Tolia","Internet, Online Portals, Real Estate","Housing.com is an online real estate listing service in India that makes it easier to find, rent, and sell homes.",1001-5000,147830000,8,16
104,Doubtnut,Gurgaon,2016,"Aditya Shankar, Tanushree Nagori","E-Learning, EdTech, Education, Image Recognition, STEM Education","Doubtnut is an e-learning website that allows users to ask physics, chemistry, and math study questions.",Nov-50,49939813,5,10
105,smallcase,Bengaluru,2015,"Anugrah Shrivastava, Rohan Gupta, Vasanth Kamath",Financial Services,Changing India's equities investment strategy,101-250,22000000,3,11
106,Instamojo,Bengaluru,2012,"Aditya Sengupta, Akash Gehani, Harshad Sharma, Sampad Swain","Business Development, E-Commerce, Financial Services, Payments","Instamojo is a mobile payments platform that helps entrepreneurs start, run, and grow their businesses online.",101-250,8444527,7,14
107,Zomato,Gurgaon,2008,"Deepinder Goyal, Gaurav Gupta, Pankaj Chaddah","Food Delivery, Mobile Apps, Reservations, Restaurants",Zomato is an online restaurant guide and food ordering platform that allows users to order and have meals delivered from restaurants.,10001+,2100568357,21,25
108,SUGAR Cosmetics,Mumbai,2012,"Kaushik Mukherjee, Vineeta Singh","Beauty, Brand Marketing, Cosmetics, Internet, Online Portals, Retail","SUGAR Cosmetics is a cruelty-free makeup brand that specializes on high-style, high-performance cosmetics.",1001-5000,35500000,3,6
109,WinZO,New Delhi,2018,"Chanchal Kurele, Paavan Nanda, Saumya Singh Rathore","Digital Entertainment, eSports, Gaming, Media and Entertainment, Online Games",WinZO is a mobile e-sports social game platform that rewards participants with cash and prizes.,51-100,45500000,5,12
110,Chingari,Bengaluru,2018,Not Available,"Social, Video",Chingari is a video-on-demand service.,01-Oct,14340302,5,18
111,Fisdom,Bengaluru,2015,"Anand Dalmia, Ramganesh Iyer, Subramanya S.V.","Advice, Apps, Finance, Financial Services, FinTech",Fisdom is a fintech firm that provides investment advisory services via an app.,101-250,23450864,6,7
112,Digit Insurance,Bengaluru,2016,"Kamesh Goyal, Philip Varghese, Sriram Shankar, Vijay Kumar","Finance, Financial Services, Insurance, InsurTech",Digit Insurance is a financial services firm that specializes in general insurance.,1001-5000,244460150,5,4
113,Aye Finance,Gurgaon,2014,"Sanjay Sharma, Vikram Jetley","Finance, Financial Services, FinTech, Small and Medium Businesses",Aye Financing is a finance company that helps micro and small businesses with business loans.,501-1000,261193454,23,23
114,Rivigo,Gurgaon,2014,"Deepak Garg, Gazal Kalra","Automotive, Freight Service, Logistics, Shipping, Software, Transportation",Rivigo is a transportation service company with a technology-enabled logistics platform.,1001-5000,268701257,11,6
115,Pepper Content,Mumbai,2017,"Anirudh Singla, Rishabh Shekhar","Content, Content Marketing, Media and Entertainment",Pepper Content is a content-mediation platform that links writers with content-hungry businesses.,Nov-50,4506066,2,19
116,Get My Parking,New Delhi,2015,"Chirag Jain, Rasik Pansare","Automotive, Internet, Parking, Software",Get My Parking is a business-to-business platform-as-a-service provider.,51-100,10392793,5,8
117,FabAlley,Noida,2012,"Shivani Poddar, Tanvi Malik","E-Commerce, Fashion, Lifestyle, Women's",FabAlley is an online fashion company that specializes in women's clothing.,101-250,18658274,8,18
118,FarMart,Gurgaon,2015,"Alekh Sanghera, Lokesh Singh, Mehtab Singh Hans","Agriculture, Apps, Farming, Mobile, SaaS",FarMart is a micro-SaaS platform that assists food businesses in obtaining high-quality goods at low costs.,Nov-50,3280204,4,6
119,mfine,Bengaluru,2017,"Ajit Narayanan, Arjun Choudhary, Ashutosh Lawania, Prasad Kompalli","Apps, Artificial Intelligence, Health Care, Hospital, Medical",Mfine is a health-tech firm that is working on an AI-powered telemedicine app for mobile devices.,251-500,48785217,6,11
120,Medlife,Bengaluru,2014,"Ananth Narayanan, Prashanth Singh, Tushar Kumar","Information Technology, Retail",Medlife is a value-driven smartphone app that allows you to get medicines online and have them delivered to your home in India.,1001-5000,56506662,4,3
121,Lendingkart,Ahmedabad,2014,"Harshvardhan Lunia, Mukul Sachan","Finance, Financial Services, FinTech, Lending, Micro Lending",Lendingkart is an online lender that offers SME borrowers short-term working capital loans.,501-1000,257504119,12,15
122,Chqbook,Delhi,2017,"Mohit Goel, Rajat Kumar, Sachin Arora, Vipul Sharma","Finance, Financial Services, FinTech","Chqbook is a fintech firm that enables clients to research, compare, book, and purchase personal finance products.",101-250,6000000,3,8
123,Turtlemint,Mumbai,2015,"Anand Prabhudesai, Dhirendra Mahyavanshi, Kunal Shah","Financial Services, Health Insurance, Insurance, InsurTech",Turtlemint is an insurtech platform that helps people find and buy the right insurance products.,251-500,77000000,5,10
124,Ecom Express,New Delhi,2012,"K. Satyanarayana, Manju Dhawan, Sanjeev Saxena, T. A. Krishnan","Delivery, E-Commerce, Logistics","Ecom Express is a logistics solutions provider that enables customization, scalability, and the processing of delivery services.",10001+,485392829,6,4
125,BharatPe,New Delhi,2018,"Ashneer Grover, Bhavik Koladiya, Shashvat Nakrani","Apps, Financial Services, FinTech, Payments, QR Codes",BharatPe is a FinTech firm that assists merchants in accepting free payments from customers.,251-500,290345855,7,17
126,Vymo,Bengaluru,2013,"Venkat Malladi, Yamini Bhat","Analytics, Apps, CRM, Mobile, Productivity Tools, SaaS, Sales Automation",Vymo is a personal assistant program that automates sales and service team duties in businesses.,51-100,23000000,5,5
127,Shiprocket,New Delhi,2017,"Gautam Kapoor, Saahil Goel, Vishesh Khurana","E-Commerce, Logistics, Shipping, Supply Chain Management",Shiprocket is an e-commerce shipping platform that allows direct-to-consumer companies to ship at a lower cost.,251-500,53350000,6,12
128,LeadSquared,Bengaluru,2011,Nilesh Patel,"CRM, SaaS, Software",Platform for sales execution and marketing automation that helps companies alter their sales processes.,101-250,35000000,2,3
129,FamPay,Bengaluru,2019,"Kush Taneja, Sambhav Jain","Financial Services, Lifestyle, Payments","FamPay allows parents to send money to their adolescent children via UPI, P2P, and card payments.",51-100,42850000,3,17
130,Quikr,Bengaluru,2008,"Jiby Thomas, Pranay Chulet","Classifieds, E-Commerce, Internet, Marketplace, Rental Property","Quikr is a free classifieds and online marketplace in India that allows users to sell, buy, rent, and discover anything.",1001-5000,424214622,12,15
131,Quizizz,Bengaluru,2015,"Ankit Gupta, Deepak Joy Cheenath","E-Learning, Education, Gamification, Skill Assessment, Software, Training",Quizizz is an educational platform that provides any learner with engaging gamified quizzes and interactive courses.,Nov-50,15504114,3,6
132,Stanza Living,New Delhi,2017,"Anindya Dutta, Sandeep Dalmia","Home Services, Hospitality, Information Technology, Real Estate, Rental Property",Stanza Living is a tech-enabled co-living concept designed for students and working people who are relocating.,251-500,172175325,6,12
133,Pristyn Care,Gurgaon,2018,Harsimarbir (Harsh) Singh,"Health Care, Hospital, Internet",Pristyn Care is a health-care startup that is changing the way elective surgery is performed.,501-1000,81000000,4,5
134,Polygon (Previously Matic Network),Mumbai,2017,Not Available,Blockchain,Matic Network is a scalability platform for blockchains.,Nov-50,450000,3,4
135,Bobble AI,Haryana,2015,"Ankit Prasad, Mohd Wassem, Rahul Prasad","Artificial Intelligence, Machine Learning, Messaging, Natural Language Processing, Text Analytics",Bobble AI is a keyboard discussion media platform that creates customised content for its customers using artificial intelligence.,51-100,13275213,5,3
136,Cell Propulsion,Bengaluru,2016,"Nakul Kukar, Paras Kaushal","Automotive, Electric Vehicle",Cell Propulsion is a fleet electrification firm that develops solutions for large-scale commercial vehicle fleet electrification.,Nov-50,4074000,6,6
137,Dukaan®,Bengaluru,2019,"Kaustub Pandey, Subhash Choudhary, Suumit Shah",DIY,Dukaan is a self-service platform that allows merchants with no programming experience to set up an e-commerce store using their smartphone.,Nov-50,6000000,1,9
138,Play Shifu,Bengaluru,2016,"Dinesh Advani, Vivek Goyal","Augmented Reality, Education, Media and Entertainment, STEM Education, Toys",PlayShifu is an EdTech company that provides teaching and learning tools for kids aged 4 to 12.,51-100,28438340,5,10
139,Lava International Limited,Noida,2009,"Shailendra Nath Rai, Sunil Bhalla, Vishal Sehgal","Consumer Electronics, Mobile, Telecommunications",Lava International Limited adheres to the highest standards of moral and professional ethics.,501-1000,90000000,1,1
140,Vivriti Capital,Chennai,2017,"Aniket Deshpande, Gaurav Kumar, Irfan Mohammed, Soumendra Ghosh, Vineet Sukumar","Analytics, Banking, Crowdfunding, Financial Services, FinTech, Insurance, Marketplace",Vivriti Capital is a marketplace for small businesses and individuals that don't have easy access to credit.,101-250,107701572,4,2
141,DocsApp,Bengaluru,2015,"Enbasekar Dinadayalane, Satish Kannan","Health Care, Medical, Mobile Apps, Wellness",DocsApp is an online medical consultation platform that offers advice to patients of all ages in a variety of fields.,1001-5000,27575748,5,11
142,Furlenco,Bengaluru,2012,Ajith Karimpana,"Consumer, Furniture, Home Decor, Home Improvement, Rental, Subscription Service",Furlenco is a monthly furniture rental subscription service that allows users to rent furniture on a monthly basis.,251-500,68955715,16,21
143,Swiggy,Bengaluru,2014,"Nandan Reddy, Rahul Jaimini, Sriharsha Majety","Delivery Service, E-Commerce Platforms, Restaurants",Swiggy is an on-demand meal delivery service that delivers food from local eateries to clients' doorsteps.,10001+,2428380000,14,23
144,Bombay Shaving Company,New Delhi,2015,"Deepu Panicker, Raunak Munot, Rohit Jaiswal, Shantanu Deshpande","Consumer Goods, E-Commerce, Lifestyle, Men's","Bombay Shaving Company is a consumer goods company that specializes in the development of shave, beard, and skincare products.",01-Oct,17696569,6,16
145,Treebo Hotels,Bengaluru,2015,"Kadam Jeet Jain, Rahul Chaudhary, Sidharth Gupta","Hospitality, Hotel, Internet","Treebo is India's first tech-enabled, asset-light, low-cost lodging brand.",501-1000,69174397,9,16
146,Betterhalf,Bengaluru,2016,"Pawan Gupta, Rahul Namdev","Artificial Intelligence, Consumer Applications, Dating","Based on the past data of millions of married couples, Betterhalf develops an AI-based partner prediction engine.",Nov-50,4600000,3,10
147,JioSaavn,Mumbai,2007,"Anjali Naik, Anurag Gupta, Paramdeep Singh, Rishi Malhotra, Vinodh Bhat","Internet, Mobile, Music, Music Streaming, Video Streaming","Saavn is an Indian, Bollywood, and international music streaming service.",101-250,131591747,7,13
148,nearbuy,New Delhi,2011,Ankur Warikoo,"Apps, E-Commerce, Internet, Restaurants, Travel","NearBuy helps you find the finest things to do, purchase, and use in your area.",501-1000,37237275,3,2
149,Indifi Technologies,Gurgaon,2015,"Alok Mittal, Siddharth Mahanot, Sundeep Sahi","Credit, Financial Services, FinTech, Lending",Indifi Technologies is a small company financing provider with a digital lending platform.,101-250,35826551,5,15
150,Portea Medical,Bengaluru,2013,"Ganesh Krishnan, Karan Aneja, Manjusha Anumolu, Meena Ganesh, Zachary Jones","Health Care, Home Health Care, Hospital, Medical","With a 24-city network, Portea Medical is India's largest and fastest-growing provider of in-home medical services.",1001-5000,76066894,6,10
151,Stashfin,New Delhi,2016,Tushar Aggarwal,"Apps, Banking, Finance, Financial Services, FinTech",StashFin is a digital lending startup that uses technology to make credit decisions in real time.,51-100,75000000,3,14
152,Square Yards,Gurgaon,2014,"Kanika Gupta, Tanuj Shori","Market Research, Real Estate","Square Yards is India's largest real estate platform, with over 20 cities and 9 countries represented.",5001-10000,73000000,6,11
153,HealthifyMe,Bengaluru,2012,"Mathew Cherian, Sachin Shenoy, Tushar Vashisht","Apps, Fitness, Health Care, mHealth",HealthifyMe is a computer and smartphone application that allows users to reach their fitness and weight loss goals.,101-250,25000000,7,17
154,QuickSell,Mumbai,2017,Deepak Bhagchandani,Software,Platform for B2B Mobile Commerce,Nov-50,2225000,2,6
155,Perpule,Bengaluru,2016,"Abhinav Pathak, Saketh BSV, Yogesh Ghaturle","Apps, Billing, Enterprise Software, Mobile Payments, Point of Sale, Retail Technology, SaaS, Shopping, Software","UltraPOS by Perpule is a cloud-based, mobile POS solution that significantly enhances your store's billing and checkout processes.",101-250,6361203,3,5
156,ReNew Power,Gurgaon,2011,Sumant Sinha,"Clean Energy, Energy, Renewable Energy, Solar, Wind Energy",ReNew Power is an Indian wind energy company.,101-250,2776179257,12,9
157,Hike,New Delhi,2012,Kavin Bharti Mittal,"Apps, Messaging, Mobile, Online Portals, Social Network",Hike is a company that creates and develops mobile messaging apps.,251-500,261000000,5,10
158,Mswipe Technologies,Mumbai,2011,Manish Patel,"Financial Services, Payments","POS, Mobile POS, mPOS, Card Payment, Payment Solutions, mQR, QR code, Digital Payments, Card Swiping Machine, NFC Payment, mQR, QR code, mQR, QR code, Digital Payments, Card Swiping Machine",5001-10000,97467607,9,14
159,Virohan,Gurgaon,2018,"Archit Jayasal, Kunaal Dudeja, Nalin Saluja, Paarul Dudeja","Continuing Education, Corporate Training, EdTech, Health Care, Higher Education, Vocational Education",Virohan is an EdTech startup that provides students with healthcare vocational training so that they can pursue a career in the field.,101-250,3450000,6,9
160,BimaPe,Mumbai,2020,Rahul Mathur,"Consumer Applications, FinTech, InsurTech","For individuals and families across India, BimaPe demystifies insurance and its management. 'BimaPe Bharosa Karo' means 'BimaPe Bharosa Karo.'",01-Oct,545000,2,5
161,Netmeds,Chennai,2010,Pradeep Dadha,"E-Commerce, Health Care, Pharmaceutical",Welcome to the most convenient drugstore in India!,501-1000,99000000,3,4
162,XYXX Apparels,Surat,2017,Yogesh Kabra,"Gaming, Sports","XYXX Apparels, which owns the XYXX innerwear line.",51-100,4923799,3,3
163,One97,Noida,2000,Vijay Shekhar Sharma,"Finance, FinTech, Internet, Mobile Advertising, Mobile Payments, Software",One97 provides its customers with mobile content and commerce services.,1001-5000,4432652051,13,15
164,Airmeet,Bengaluru,2019,"Lalit Mangal, Manoj Singh, Vinay Kumar Jasti","Events, Social, Software, Video Conferencing","Airmeet is an all-in-one event platform that features virtual social lounges for networking and virtual summits, meetups, and courses.",51-100,15000000,4,20
165,BookMyShow,Mumbai,1999,"Ashish Hemrajani, Parikshit Dar, Rajesh Balpande","Digital Entertainment, E-Commerce, Event Management, Events, Internet, Media and Entertainment, Online Auctions, Social Media, Sports","BookMyShow is an online ticketing service for movies, theaters, and sporting events in India.",501-1000,224500000,6,6
166,Embibe,Mumbai,2012,Aditi Avasthi,"Content Creators, Digital Marketing, EdTech, Education, Tutoring",Embibe gives students with tailored educational input.,101-250,196656376,4,4
167,Awign Enterprises,Bengaluru,2016,"Annanya Sarthak, Gurpreet Singh, Praveen Sah","Business Development, E-Commerce, EdTech, Hospitality, Information Technology, Last Mile Transportation, Marketing, Outsourcing",Awign is a work fulfillment platform that focuses on the gig economy and offers last-mile delivery.,251-500,5463025,5,11
168,ixigo,Gurgaon,2006,"Aloke Bajpai, Dharmendra Yashovardhan, Rajnish Kumar","Mobile, Mobile Apps, Tourism, Travel",ixigo.com is an online travel site in India that makes all of your vacations easier.,101-250,35500000,5,6
169,Shuttl,Gurgaon,2015,"Amit Singh, Deepanshu Malviya","Apps, Mobile, Software, Transportation","Shuttl is an app-based shuttle service that makes everyone's everyday commute safer, more reliable, and more economical.",251-500,122313023,13,22
170,Chai Point,Bengaluru,2010,"Amuleek Singh Bijral, Gaganjot Kaur","Food and Beverage, Food Processing, Restaurants, Snack Food, Tea",Chai Point is a multi-channel beverage company that offers a precisely brewed cup of chai.,1001-5000,46221395,9,6
171,Avail Finance,Bengaluru,2017,"Ankush Aggarwal, Tushar Mehndiratta","Finance, FinTech, Mobile Payments",Avail is a digital app that provides loans to India's blue-collar population with flexible repayment choices.,51-100,41443027,5,8
172,Flock,Mumbai,2014,Bhavin Turakhia,"Apps, Collaboration, Developer Platform, Enterprise Software, Messaging, Productivity Tools, Video Chat",Flock is a real-time messaging and collaboration app for teams that improves productivity by speeding up and simplifying communication.,101-250,45000000,3,2
173,GlowRoad,Bengaluru,2017,"Kunal Sinha, Nilesh Padariya, Nitesh Pant, Shekhar Sahu, Sonal Verma","E-Commerce, Retail, Social Shopping","GlowRoad is the largest reseller network in the world, with over 200,000 resellers selling in over 1000 cities and earning money online.",51-100,31300000,4,7
174,HomeLane,Bengaluru,2014,"Rama Harinath, Srikanth Iyer, Tanuj Choudhry, Vivek Parasuram","Home Decor, Home Improvement, Interior Design, Internet",HomeLane is a home interior design firm that assists buyers in creating unique interiors for their homes.,501-1000,63359735,9,12
175,Wow! Momo,Kolkata,2008,"Binod Kumar Homagai, Sagar Daryani, Shah Miftaur Rahman","Food and Beverage, Food Delivery, Food Processing",Wow! Momo is a fast-food restaurant chain known for its momos.,251-500,37996690,5,6
176,LetsTransport,Bengaluru,2015,"Ankit Parasher, Pushkar Singh, Sudarshan Ravi","Logistics, Transportation, Travel",Lets Transport is a logistics company that offers a variety of services.,Nov-50,24628092,8,12
177,Digital Class E-Learning Marketplace,Ahmedabad,2017,"Hitesh Mohkar, Tushar Dhakate","B2B, B2C, E-Learning, EdTech, Marketplace",Sellers and consumers of online courses can meet on this educational marketplace.,Nov-50,42000,1,0
178,RentoMojo,Bengaluru,2014,"Achal Mittal, Ajay Nain, Geetansh Bamania","E-Commerce, Furniture, Internet, Rental","RentoMojo is an online rental marketplace that offers monthly rentals of furniture, appliances, and gadgets (mobile phones, laptops).",501-1000,51443326,14,19
179,SBI Life,Mumbai,2001,Not Available,"Financial Services, Health Care, Insurance",SBI Life is a life insurance company that provides a variety of plans and policies to safeguard you and your loved ones.,10001+,742000000,1,2
180,Zivame.com,Bengaluru,2011,"Kapil Karekar, Richa Kar","E-Commerce, Fashion, Internet, Lingerie","Zivame is an online lingerie store based in India that allows users to shop by category, brand, color, and size.",251-500,69002120,8,11
181,VerSe Innovation,Bengaluru,2007,"Umang Bedi, Virendra Gupta","Content, Internet, Social Media",VerSe Innovation is a platform for local language technology.,501-1000,434009213,20,22
182,CoinDCX,Mumbai,2017,"Neeraj Khandelwal, Sumit Gupta","Blockchain, Cryptocurrency, Financial Services, FinTech, Trading Platform",CoinDCX is a cryptocurrency-enabled financial services provider.,Nov-50,5500000,3,10
183,Country Delight,Sohna,2015,"Chakradhar Gade, Nitin Kaushal","Agriculture, Delivery Service, Food and Beverage, Food Delivery","Country Delight makes and distributes milk with the goal of delivering high-quality, pure milk to your home.",501-1000,44247827,9,6
184,BankBazaar.com,Chennai,2008,"Adhil Shetty, Arjun Shetty, Rati Shetty","E-Commerce, Finance, FinTech, Insurance, Marketplace",BankBazaar.com is an independent online marketplace that provides immediate customized loan and insurance rate quotations.,1001-5000,115000000,6,16
185,Happay,Whitefield,2012,"Anshul Rai, Varun Rathi","Financial Services, FinTech, SaaS, Software",Happay is an artificial intelligence-powered business expenditure management software that helps companies automate their cost management processes.,251-500,21556985,7,8
186,Five Star Business Finance,Kilpauk,1984,V K Ranganathan,"Banking, Finance, Financial Services, Personal Finance",Five-Star is a Reserve Bank of India-registered non-banking finance company (NBFC) (RBI).,1001-5000,456059601,7,8
187,Goodera,Bengaluru,2014,"Abhishek Humbad, Richa Bajpai","Computer, Events, Software, Sustainability",Goodera is a technological platform that assists businesses in managing their corporate social responsibility (CSR) programs.,101-250,17612830,3,6
188,Simpl,Bengaluru,2015,"Chaitra Chidanand, Nityanand Sharma","E-Commerce, Financial Services, Lending, Payments","In India, Simpl is the most popular Pay-Later platform.",101-250,26700000,3,5
189,F5 Refreshement,New Delhi,2018,"Lalit Aggarwal, Raghav Arora",Food and Beverage,F5 Refreshment is a company that produces snacks and beverages.,51-100,621291,2,6
190,ShopClues,Gurgaon,2011,"Radhika Aggarwal, Sandeep Aggarwal, Sanjay Sethi","E-Commerce, Internet, Marketplace, Shopping",Shop Clues is a platform that allows buyers and sellers to communicate in a controlled environment.,1001-5000,257002291,11,12
191,Aknamed,Bengaluru,2018,"Saurabh Pandey, Varun Vohra","Health Care, Hospital, Supply Chain Management","In India, Aknamed is optimizing the healthcare supply chain.",51-100,7000000,1,1
192,Droom,Haryana,2014,Sandeep Aggarwal,"Automotive, B2B, E-Commerce, E-Commerce Platforms, Internet, Marketplace, News",Droom is an online vehicle marketplace that is powered by technology and data science.,251-500,133000000,7,10
193,Box8,Mumbai,2012,"Amit Raj, Anshul Gupta","Delivery, E-Commerce, Food and Beverage, Food Delivery",BOX8 is a meal-delivery service that delivers meals in a handy and easy-to-carry box.,1001-5000,32668662,9,10
194,Cashkaro,Gurgaon,2013,"Rohan Bhargava, Swati Bhargava","Coupons, Customer Service, E-Commerce, Internet, Retail",Customers who shop at online stores through Cashkaro are rewarded with coupons and rebates.,51-100,14550000,4,3
195,CropIn,Bengaluru,2010,Krishna Kumar,"Analytics, Artificial Intelligence, Farming, Forestry, Information and Communications Technology (ICT), Machine Learning, Predictive Analytics, SaaS, Satellite Communication, Software",CropIn is a leading AI and data-driven agri-tech company that uses deep learning to give SaaS solutions to agribusinesses throughout the world.,101-250,32599576,10,12
196,Jupiter,Mumbai,2019,Jitendra Gupta,"Banking, Consulting, Financial Services, Wealth Management",Jupiter is a digital retail banking solution that helps consumers keep track of their spending.,Nov-50,26000000,2,7
197,ShopX,Bengaluru,2015,"Amit Sharma, Apoorva Jois","B2B, E-Commerce, Internet","Brands, merchants, and consumers are all connected through ShopX, a retail operating system.",101-250,56417592,4,5
198,LocoNav,Azadpur,2015,"Shridhar Gupta, Vidit Jain","Computer, Software, Software Engineering",LocoNav is an online fleet management software supplier that offers a single platform for running and managing fleet operations.,101-250,7420000,3,3
199,Avataar.Me,Bengaluru,2016,"Gaurav Baid, Mayank Tiwari, Prashanth Aluru, Sravanth Aluru","3D Technology, Augmented Reality, E-Commerce, Fashion, Mobile Apps, Software, Virtual Reality",Avataar.Me is a high-tech provider of AR and VR services that are utilized to turn 2D design materials into 3D social media campaigns.,51-100,7000000,1,1
200,BluSmart Mobility,Ahmedabad,2019,"Anmol Jaggi, Punit Goyal","Electric Vehicle, Mobile Apps, Ride Sharing",BluSmart is an electric vehicle fast charging network and a zero-emission ridehailing service.,51-100,17062939,5,20
201,SleepyCat,Mumbai,2017,Kabir Siddiq,E-Commerce,SleepyCat is a mattress and sleep-solutions firm that sells directly to consumers online.,01-Oct,1320000,1,3
202,INDwealth,Gurgaon,2018,"Abhay Girnara, Amit Jain, Amrita Sirohia, Ashish Kashyap, Monika Dua, Pratiksha Dake","Artificial Intelligence, Financial Services, FinTech, Machine Learning, Personal Finance, Wealth Management",INDwealth is a wealth management platform for HNI families that uses Artificial Intelligence and Machine Learning.,101-250,56891230,3,4
203,Shipsy,Gurgaon,2015,"Dhruv Agrawal, Himanshu Gupta, Soham Chokshi","Big Data, Internet of Things, Logistics, Machine Learning, Software, Supply Chain Management","Shipsy's platform provides data-driven decision-making in the Supply Chain business, improving visibility and operational efficiency.",101-250,7697983,4,8
204,Kissht,Mumbai,2015,"Karan Mehta, Krishnan Vishwanathan","Credit, Finance, Financial Services, FinTech, Lending, Sales Automation","Kissht is a financial technology platform that allows users to get fast, hassle-free credit for purchases made at digital points of sale.",251-500,49247312,6,8
205,MedGenome,Bengaluru,2013,"Mahesh Pratapneni, Sam Santhosh","Biotechnology, Genetics, Health Care, Health Diagnostics, Medical","MedGenome is a biotechnology firm that offers a comprehensive tracking, analysis, and data reporting system.",251-500,119000000,6,12
206,Fabhotels,Gurgaon,2015,"Adarsh Manpuria, Vaibhav Aggarwal","E-Commerce, Hospitality, Hotel, Travel Accommodations",Fabhotels is an online hotel room aggregator. Its goal is to provide standardized services at a low cost.,51-100,48598636,7,9
207,Loadshare,Bengaluru,2017,"Pramod Nair, Raghuram Talluri, Rakib Ahmed, Tanmoy Karmakar","Delivery Service, Industrial Automation, Logistics, Software, Supply Chain Management","Loadshare Network focuses on first-mile, line-haul, and last-mile delivery services via its logistical software solutions.",Nov-50,21262496,7,9
208,Gradeup,Noida,2015,"Sanjeev Kumar, Shobhit Bhatnagar, Vibhu Bhushan","Education, Mobile, Online Portals",India's largest and most effective competitive test preparation site.,501-1000,10020000,5,2
209,FreeCharge,Mumbai,2010,"Kunal Shah, Sandeep Tandon","Coupons, E-Commerce, Internet, Payments",FreeCharge is a service that provides coupons for consumers to utilize when topping up their mobile subscriptions.,251-500,177639874,7,7
210,Healthkart,Gurgaon,2011,Sameer Maheshwari,"Dietary Supplements, E-Commerce, Fitness, Health Care, Retail, Wellness","Consumers may reach their fitness objectives with the support of HealthKart's fitness products, services, and community.",251-500,61000000,4,8
211,Saveo,Bengaluru,2019,Not Available,"Fitness, Health Care, Wellness",Saveo is a pharmacy-focused business-to-business e-commerce platform.,101-250,3720000,2,24
212,True Balance,Gurgaon,2014,"Cheolwon Lee, Jay Yi, Martin Lee","Apps, Financial Services, FinTech, Insurance, Mobile Payments, Personal Finance",True Balance is a digital wallet that allows users to pay bills and access other financial services.,51-100,99640920,7,17
213,Coverfox Insurance,Mumbai,2013,"Devendra Rane, Varun Dua","Auto Insurance, Health Insurance, Insurance, InsurTech, Life Insurance, Travel",Coverfox Insurance is an insurtech company that offers simple online insurance brokerage services.,501-1000,51250370,6,13
214,EarlySalary,Pune,2015,Akshay Mehrotra,"Financial Services, FinTech, Personal Finance",EarlySalary.com is a Pune-based FinTech startup. We're here to save you from going bankrupt.,101-250,33267529,7,6
215,Pitstop,Bengaluru,2015,"Mihir Mohan Mishra, Nirant Ramakuru, Ruchi Deepak","Automotive, Service Industry",Pitstop's doorstep service provides general automotive repair and maintenance services.,101-250,9702517,5,12
216,Wheels Eye,Gurgaon,2017,"Anshul Mimani, Manish Somani","Information Services, Information Technology",WheelsEye is a logistics-tech firm that has received funding.,1001-5000,840000,1,1
217,Bira 91,New Delhi,2015,Ankur Jain,"Brewing, Craft Beer, Food and Beverage, Wine And Spirits",Bira 91 is a craft beer company established in India that develops and manufactures a variety of craft beers.,251-500,160465015,14,13
218,PlanetSpark,Gurgaon,2016,"Kunal Malik, Maneesh Dhooper","E-Learning, EdTech, Education",PlanetSpark is an after-school math and English program for children in grades two through seven.,01-Oct,576000,2,4
219,LimeRoad,Gurgaon,2012,"Ankush Mehra, Manish Saksena, Prashant Malik, Suchi Mukherjee","E-Commerce, Fashion, Internet, Shopping","A fun and exciting way to discover beautiful items, share them, and shop for them.",251-500,51944731,5,6
220,Pratilipi,Bengaluru,2015,"Prashant Gupta, Rahul Ranjan, Ranjeet Pratap Singh, Sahradayi Modi, Sankaranarayanan Devarajan","Audio, Comics, Digital Media, EBooks, Podcast, Publishing, Reading Apps","Pratilipi is a platform for language storytelling that connects readers, writers, and their stories.",51-100,29833055,5,12
221,Freight Tiger,Mumbai,2014,Swapnil Shah,"Automotive, Logistics, Transportation","Freight Transactions that are simple, efficient, and transparent.",Nov-50,6600000,1,3
222,unlu,Gurgaon,2020,"Akshay Pruthi, Anurag Dalia, Himanshu Periwal, Vipul Agrawal","Celebrity, Internet, Media and Entertainment, Social Media",unlu is a celebrity interaction platform that enables consumers and brands to receive endorsements from well-known figures.,Nov-50,1284058,2,4
223,KIMS Hospitals,Hyderabad,2000,Bhaskar Rao,"Health Care, Hospital, Medical","KIMS Hospitals is a multidisciplinary, integrated private healthcare services provider with a multispecialty hospital network.",Nov-50,139178803,3,3
224,InterviewBit,Bengaluru,2015,"Abhimanyu Saxena, Anshuman Singh","E-Learning, Employment, Information Technology, Internet, Recruiting, Software",Young software workers can use an e-learning platform to advance their careers.,101-250,21500000,2,4
225,Oye Rickshaw,Gurgaon,2017,"Akash Deep, Mohit Sharma","Electric Vehicle, Last Mile Transportation, Public Transportation, Transportation",Oye Rickshaw is an electric vehicle energy solutions startup that uses a booking app to link customers with public transportation.,251-500,13275120,3,10
226,Arzooo.com,Bengaluru,2018,"Khushnud Khan, Rishi Raj Rathore","Consumer Electronics, Electronics, Retail, Retail Technology, Shopping","With its main ""Go Store"" product, India's leading retail digital platform in the consumer durables market has transformed 300,000+ SMEs.",251-500,14800000,6,11
227,Amber Group,Gurgaon,1990,Kartar Singh,"Consumer Electronics, Electronics, Home Services, Industrial Manufacturing, Machinery Manufacturing, Manufacturing",Amber Group is an Indian air conditioner and component manufacturer.,51-100,21445200,1,9
228,Star Health and Allied Insurance,Nungambakkam,2006,Not Available,"Health Care, Health Insurance, Insurance","Medical Insurance, Accident Insurance, and Travel Insurance Plans are all available from Star Health and Allied Insurance.",1001-5000,173773498,3,6
229,Magicbricks,Noida,2006,Times Internet,"Commercial Real Estate, Online Portals, Real Estate",Magicbricks is India's most popular real estate website.,1001-5000,3600000,1,1
230,Unbxd,Bengaluru,2011,"Pavan Sondur, Prashant Kumar","Artificial Intelligence, Big Data, E-Commerce, Machine Learning, Navigation, Product Search, Search Engine, Software",Unbxd is an e-commerce product discovery tool that matches customers with the products they are most likely to purchase.,101-250,14500000,7,13
231,LIDO,Mumbai,2019,Sahil Sheth,"E-Learning, EdTech, Education, Software",LIDO is an ed-tech startup that uses an immersive online platform to revolutionize education.,501-1000,10500000,2,8
232,Yulu,Bengaluru,2017,"Amit Gupta, Hemant Gupta, Naveen Dachuri, RK Misra","Electric Vehicle, Ride Sharing, Sharing Economy, Transportation",Yulu is a micro-mobility platform in India that uses shared electric two-wheelers to alleviate traffic congestion and pollution.,101-250,19900000,4,7
233,Cashify,Gurgaon,2015,"Amit Sethi, Mandeep Manocha, Nakul Kumar","Consumer, Consumer Electronics, E-Commerce, Marketplace",Cashify is an online marketplace where you can resell your secondhand electronics.,501-1000,28000000,5,9
234,Revv,Gurgaon,2015,"Anupam Agarwal, Karan Jain","Apps, Automotive, Rental",Revv is an Indian car-rental company with a variety of alternatives to fulfill all of your self-drive requirements.,101-250,23300000,3,10
235,UrbanPiper,Bengaluru,2015,"Anirban Majumdar, Devarshi Shah, Saurabh Gupta","Food and Beverage, Information Services, Information Technology, Software",The most important platform for restaurants to run their online operations.,101-250,10180783,3,4
236,PropTiger,Gurgaon,2011,"Dhruv Agarwala, Kartik Varma, Prashan Agarwal","Intellectual Property, Marketing, Real Estate",PropTiger is a pan-India-based independent real estate advisor. We have extensive real estate experience and understanding in India.,501-1000,85000000,2,3
237,Miko,Mumbai,2015,"Chintan Raikar, Prashant Iyengar, Sneh Vaswani","Artificial Intelligence, Consumer Electronics, EdTech, Hardware, Internet of Things, Machine Learning, Robotics","Miko is a robotics, AI, and Internet of Things (IoT) firm.",101-250,21540065,5,9
238,HungerBox,Bengaluru,2015,"Sandipan Mitra, Uttam Kumar","B2B, Food and Beverage, Food Delivery",HungerBox is a full-stack B2B food and beverage technology firm that specializes in corporate food solutions.,251-500,44580231,8,10
239,OYO,Gurgaon,2012,Ritesh Agarwal,"Hospitality, Hotel, Leisure, Reservations, Travel",OYO is a hotel chain with a branded network of hotels that provide uniform guest experiences.,10001+,3439351106,17,23
240,Leap Finance,Bengaluru,2019,"Arnav Kumar, Vaibhav Singh","Credit Cards, Education, Financial Services, FinTech, Lending",Leap Finance is a fintech business that provides Indian students studying abroad with education loans and credit cards.,01-Oct,22500000,2,5
241,MedPlus,Hyderabad,2006,Madhukar Gangadi,"E-Commerce, Health Care, Pharmaceutical, Wellness",MedPlus is a South Indian pharmacy business.,10001+,317695079,7,6
242,PiggyRide,Bengaluru,2019,"Manish Tewari, Rohan Kaushal","Children, Education, Information Services, Information Technology, Transportation","PiggyRide is an online class, event, and course provider. Music, dance, activity, and summer camp are all available.",Nov-50,1320000,2,8
243,Vernacular.ai,Bengaluru,2016,"Akshay Deshraj, Manoj Sarda, Sourabh Gupta","Artificial Intelligence, Call Center, Customer Service, Internet, Internet of Things, Machine Learning, Natural Language Processing, SaaS, Software, Speech Recognition","By automating call center queries, we assist businesses in improving customer experience through intelligent voice chats.",51-100,5100000,4,7
244,ShareChat,Bengaluru,2015,"Ankush Sachdeva, Bhanu Pratap Singh, Farid Ahsan","Internet, Mobile Apps, Social Media, Social Network",ShareChat is a platform for social networking and regional content.,501-1000,824830000,10,17
245,PhableCare,Bengaluru,2017,"Mukesh Bansal, Prasanth Reddy, Sumit Sinha","Health Care, Internet, Mobile Apps, Personal Health",Patients and doctors can use a mobile app to communicate with each other.,51-100,13670000,5,13
246,OZiva,Mumbai,2016,"Aarti Gill, Mihir Gadani","Dietary Supplements, Fitness, Health Care, Nutrition, Wellness","OZiva is a plant-based clean nutrition company that sells products for exercise, hair, skin, men's and women's health, and general wellness.",51-100,17000000,2,4
247,Testbook.com,Mumbai,2013,"Abhishek Sagar, Ashutosh Kumar, Manoj Munna, Narendra Agrawal, Yadvendar Champawat","E-Learning, EdTech, Education",Testbook.com is a website that helps people prepare for government exams.,101-250,12550000,5,10
248,Billdesk,Ahmedabad,2000,Ajay Kaushal,"Finance, FinTech, Payments, Property Development, Rental","BillDesk, a subsidiary of IndiaIdeas.com Ltd., was founded in early 2000 to address the problems that most of us have with paying bills.",251-500,241361584,4,7
249,Flatheads,Bengaluru,2019,"Ganesh Balakrishnan, Utkarsh Biradar","E-Commerce, Fashion, Retail, Shoes, Shopping",Flatheads is a global lifestyle brand that designs and manufactures shoes in India. Flatheads was the first company in India to introduce bamboo footwear.,Nov-50,725000,2,7
250,Signzy,Bengaluru,2015,"Ankit Ratan, Ankur Pandey, Arpit Ratan","Artificial Intelligence, Finance, Financial Services, FinTech, Risk Management, Software","Signzy is an AI-powered fintech business that provides banks, NBFCs, and other financial institutions with a digital onboarding solution.",101-250,12600000,6,12
251,RAW Pressery,Mumbai,2014,Anuj Rakyan,"Delivery, Food and Beverage, Food Processing, Organic Food","RAW Pressery is a clean-label beverage company that sells cold-pressed juices, smoothies, soups, and other products.",101-250,41255467,12,7
252,WorkIndia,Mumbai,2015,"Ajay Kumar, Jatin Jakharia, Kshitij Nagvekar, Kunal Patil, Lokesh Tiwari, Moiz Arsiwala, Nilesh Dungarwal, Soumil Rao","Human Resources, Recruiting, Staffing Agency",WorkIndia is the largest blue-collar job portal and product firm in India.,51-100,6390562,3,4
253,WebEngage,Mumbai,2011,"Ankit Utreja, Avlesh Singh","Enterprise Software, Marketing Automation, Personalization, SaaS",Consumer firms' fastest-growing multi-channel Marketing Automation package and CDP. Improve user retention and increase revenue from existing customers!,101-250,6100000,7,8
254,Chumbak,Bengaluru,2009,Subhra Chadda,"E-Commerce, Lifestyle, Shopping","Chumbak is a gifting firm situated in Bangalore, India. Chumbak, founded by Subhra Chadda, distributes trendy t-shirts, tins, coffee mugs, and shot glasses.",Nov-50,26963740,6,5
255,Mu Sigma,Bengaluru,2004,DHIRAJ C RAJARAM,"Analytics, Business Information Systems, Information Services, Information Technology, Software",Mu Sigma is a management consulting firm that specializes in decision sciences and big data analysis.,1001-5000,211350000,7,4
256,Myelin Foundry,Bengaluru,2019,"Aditi Olemann, Ganesh Suryanarayanan, Gopichand Katragadda","Artificial Intelligence, Health Care, Industrial, Information Services, Information Technology, Machine Learning, Media and Entertainment","Myelin Foundry creates Artificial Intelligence algorithms for edge devices based on video, audio, and sensor data.",Nov-50,2001796,4,5
257,JUSPAY,Kormangala,2012,"Ramanathan RV, Vimal Kumar","FinTech, Internet, Mobile Payments, Payments",Juspay is a company that creates an internet platform for making mobile payments.,51-100,27420684,2,6
258,DaMENSCH,Bengaluru,2018,Not Available,"E-Commerce, Men's, Textiles",DaMENSCH is a men's clothing designer and retailer.,Nov-50,7650000,3,5
259,InstantPay,New Delhi,2013,Shailendra Agarwal,"E-Commerce, Electronics, Financial Exchanges, Financial Services, Mobile Payments, Payments, Transaction Processing",Larger India's Financial Services,51-100,4080000,1,2
260,ITILITE,Bengaluru,2017,"Anish Khadiya, Mayank Kukreja","Business Travel, Information Technology, Internet",ITILITE is a digital travel management application that makes booking flights and hotels easier.,101-250,17271725,3,4
261,Fyle,Bengaluru,2016,"Sivaramakrishnan Narayanan, Yashwanth Madhusudan","Accounting, Artificial Intelligence, Business Information Systems, Business Travel, Finance, FinTech, SaaS",Fyle is a business expenditure management tool that is smart.,Nov-50,10361312,5,10
262,Trulymadly.com,New Delhi,2013,"Hitesh Dhingra, Rahul Kumar, Sachin Bhatia","Apps, Dating, Internet",Trulymadly is a matchmaking algorithm-based dating platform.,Nov-50,8923539,4,23
263,Quess Corp,Bengaluru,2007,Ajit Isaac,"Information Technology, Recruiting",Quess Corp Ltd. was founded in 2007 and is India's largest business services provider.,10001+,26500000,1,4
264,FreshMenu,Bengaluru,2014,Rashmi Daga,"Delivery, Food and Beverage, Food Delivery, Food Processing",FreshMenu is a food delivery service that serves high-quality fresh and flavorful cuisines.,501-1000,25837687,7,8
265,NODWIN Gaming,Gurgaon,2012,Gautam Virk,"Events, Gaming, Internet, Social Media, Sports",NODWIN Gaming is a gaming solutions provider and e-sports event organizer.,Nov-50,19680000,1,1
266,IDfy,Mumbai,2011,"Ashok Hariharan, Hatim Baheranwala, Vineet Jawa","E-Commerce, FinTech, Fraud Detection, Information Services, Information Technology, Insurance, Internet, Machine Learning",IDfy is a people information company that helps businesses fight fraud by providing services like background checks.,101-250,5168764,5,8
267,Kinara Capital,Bengaluru,2011,Hardika Shah,"Finance, Financial Services, FinTech, Lending, Micro Lending, Social Entrepreneurship","Kinara Capital is a lending organization that offers small business owners flexible, collateral-free loans.",251-500,70196840,8,10
268,Niki,Bengaluru,2015,"Keshav Prawasi, Nitin Babel, Sachin Jaiswal, Shishir Modi","Android, Natural Language Processing","Ramu Kaka, Full Stack | Ushering Bharat into the Internet Economy 2.0",51-100,6287653,10,14
269,MyGate,Bengaluru,2016,"Abhishek Kumar, Shreyans Daga, Vijay Arisetty","Apps, Information Services, Information Technology, Mobile Apps",MyGate is a smart smartphone app that makes check-ins easier in any location.,501-1000,67262961,3,4
270,Neogrowth,Mumbai,2010,"Dhruv Khaitan, Piyush Khaitan","Business Development, Finance, Financial Services, Market Research",NeoGrowth Credit Pvt Ltd is an RBI-registered non-deposit taking NBFC that provides short-term business loans to Indian merchants.,101-250,107798787,7,9
271,Paytm Mall,Noida,2010,Vijay Shekhar Sharma,"E-Commerce, E-Commerce Platforms, Internet, Marketplace, Retail, Shopping",Paytm Mall is a division of One97 Communications' Paytm brand and an online and mobile marketplace.,1001-5000,795000000,3,4
272,Hopscotch,Mumbai,2011,Rahul Anand,"E-Commerce, Internet, Retail","Hopscotch gives you behind-the-scenes access to international businesses for babies, children, and mothers.",251-500,52800000,5,16
273,Setu,Bengaluru,2018,Sahil Kini,Financial Services,Setu's goal is to boost economic growth by making formal finance more accessible to everyone.,Nov-50,18549687,2,4
274,Blue Tokai Coffee Roasters,Delhi,2012,"Matt Chitharanjan, Namrata Asthana","Consumer Goods, Delivery, Food and Beverage, Food Processing",Blue Tokai Coffee Roasters offers a dedicated online marketplace for the sale of roasted coffee.,01-Oct,5569257,3,4
275,Avanse Financial Services,Mumbai,2012,Amit Gainda,"Education, Finance, Real Estate, Service Industry","Avanse, a non-banking finance firm regulated by the Reserve Bank of India, is an education finance company (NBFC).",251-500,60157500,3,2
276,Gaana,Noida,2011,Avinash Mudaliar,"Apps, Music, Music Streaming, Online Portals","Gaana is an Indian music streaming service that features songs from Bollywood, Hindi, regional, and international artists.",251-500,166195349,3,3
277,LiquiLoans,Mumbai,2018,"Achal Mittal, Gautam Adukia",Financial Services,Liquiloans is a platform for peer-to-peer lending.,Nov-50,1784442,3,6
278,Clovia,Noida,2012,"Neha Kant, Pankaj Vermani, Suman Chowdhury","E-Commerce, Fashion, Lingerie, Retail, Women's","Clovia is a lingerie company that makes and distributes fashionable underwear, nightwear, and shapewear.",251-500,22685276,5,7
279,Scripbox,Bengaluru,2012,"Ashok Kumar, Atul Shinghal, Sanjiv Singhal","Angel Investment, Finance, Financial Services, FinTech, Wealth Management",Scripbox is a mutual fund distributor in India that owns and manages an online investing platform.,101-250,23500000,4,12
280,RateGain,Noida,2004,Bhanu Chopra,"Hospitality, Information Technology, Travel",RateGain is a pioneer in the field of hospitality and travel technology.,501-1000,50000000,1,1
281,Epigamia,Mumbai,2007,"Ganesh Krishnamoorthy, Milap Shah, Rahul Jain, Rohan Mirchandani, Rohan Mirchandani, Uday Thakker","Consumer, Fast-Moving Consumer Goods, Food and Beverage, Health Care, Nutrition, Snack Food","Epigamia is a high-quality, all-natural Greek yogurt that helps you make healthier choices without compromising flavor.",101-250,56286865,10,8
282,MCaffeine,Mumbai,2015,"Tarun Sharma, Vikas Lachhwani","Beauty, Consumer, Consumer Goods, E-Commerce, Lifestyle","MCaffeine is a personal care line that includes caffein-infused products for the face, body, and hair.",Nov-50,5781631,4,7
283,Chaayos,New Delhi,2012,"Nitin Saluja, Raghav Verma","Food and Beverage, Food Delivery, Restaurants, Tea",Chaayos is a chai tea shop that uses technology to provide a personalized cup of chai to customers.,1001-5000,40833000,6,9
284,TVF,Mumbai,2015,Dhawal Gusain,"Digital Entertainment, E-Commerce, Film, Internet, Media and Entertainment",TVF Play is an Indian premium entertainment portal aimed at teenagers.,101-250,20970000,3,1
285,WOW Skin Science India Ltd,Bengaluru,2016,Not Available,"Beauty, Consumer Goods, Cosmetics, Fashion",WOW Skin Science is a line of anti-aging products. Night is a facial care company that started on the internet.,Not Available,0,0,0
286,Financial Software & Systems,Chennai,1991,Nagaraj Mylandla,"Debit Cards, Financial Services, FinTech, Information Services, Information Technology, Mobile Payments, Payments, Software, Transaction Processing",Financial Software &amp; Systems (FSS) is a leading global provider of payment technology.,1001-5000,129250000,4,4
287,Ezetap,Bengaluru,2011,"Abhijit Bose, Bala Parthasarathy, Bhaktha Keshavachar, Sanjay Swamy, Shripati Acharya","Mobile, Payments, Point of Sale, Software",Ezetap Mobile Solutions is a company that creates payment devices.,101-250,51000000,6,8
288,Financepeer,Mumbai,2017,"Debi Prasad Baral, Naveesh Reddy, Rohit Gajbhiye, Sunit Gajbhiye","Financial Services, FinTech, Peer to Peer",Financepeer is a peer-to-peer lending platform powered by artificial intelligence.,Nov-50,3709141,3,9
289,Haptik,Mumbai,2013,"Aakrit Vaish, Swapan Rajdev","Artificial Intelligence, Customer Service, Machine Learning, Messaging, Real Time, Software","One of the largest Conversational AI firms in the world, with over 100 million devices and over 3 billion conversations handled.",101-250,12200000,2,3
290,GirnarSoft,Jaipur,2007,"Amit Jain, Anurag Jain","Developer Tools, Enterprise Software, Mobile, Software, Web Development",GirnarSoft is an IT company that focuses on providing corporate value through offshore and outsourced software development.,501-1000,108650000,5,5
291,Meesho,Bengaluru,2015,"Sanjeev Barnwal, Vidit Aatrey","E-Commerce, E-Commerce Platforms, Mobile Apps, Retail, Social Media",Meesho is an online reselling platform that allows anyone to establish a business without having to put up any money.,1001-5000,515200000,9,25
292,Lenskart,Faridabad,2010,"Amit Chaudhary, Peyush Bansal","Delivery, E-Commerce, Eyewear, Fashion, Health Care, Internet, Shopping",Lenskart is an online eyeglasses retail portal established in India.,251-500,554629632,10,15
293,Udaan,Bengaluru,2016,"Amod Malviya, Sujeet Kumar, Vaibhav Gupta","B2B, Business Development, E-Commerce, Internet, Retail","Udaan is a business-to-business (B2B) commerce platform that connects manufacturers, traders, retailers, and wholesalers in one place.",5001-10000,1179919113,6,13
294,Zolve,Bengaluru,2020,Not Available,"Banking, Financial Services","Zolve gives financial aid to immigrants, allowing them to become financially self-sufficient.",Nov-50,15000000,1,9
295,SafexPay,Thane,2017,Ravi Gupta,"FinTech, Payments",Safexpay is a B2B2B finance company that specializes in platform and API infrastructure for businesses all over the world.,51-100,5280000,1,2
296,Pariksha,Pune,2015,"Deepak Choudhary, Karanvir Singh Shekhawat, Utkarsh Bagri, Vikram Shekhawat","E-Learning, EdTech, Education, Skill Assessment","Pariksha - The Success App is India's leading vernacular test preparation provider, catering to India's mobile first internet users.",51-100,6065079,7,20
297,Fyllo,Bengaluru,2019,"Sachin Gautam, Sudhanshu Rai, Sumit Sheoran","Agriculture, AgTech, Artificial Intelligence, Internet of Things",Fyllo is a precision agriculture service provider that uses IoT and AI.,Nov-50,557033,4,6
298,CredFlow,New Delhi,2019,Kunal Aggarwal,"Credit, Financial Services",CredFlow offers financial services that help you automate your cash flow.,01-Oct,1824000,1,4
299,HalaPlay Technologies,Bengaluru,2016,Swapnil Saurav,"Digital Entertainment, Fantasy Sports, Sports",HalaPlay Technologies is a platform for daily fantasy sports.,01-Oct,7964767,3,8
